region,prefecture,canton,lat,lon
Maritime,Zio,Abobo,6.25,1.349
Plateaux,Kpele,Adeta,7.092,0.871
Maritime,Agoe-Nyive,Adetikope,6.32,1.21
Plateaux,Amou,Adiva,7.499,1.018
Plateaux,Agou,Adjahun Fiagbe,6.762,0.735
Centrale,Sotouboua,Adjengere,8.689,0.942
Plateaux,Anie,Adogbenou,7.813,1.519
Plateaux,Agou,Adzakpa,6.615,0.762
Maritime,Bas-Mono,Afagnan / Afagnagan,6.504,1.632
Centrale,Tchamba,Affem,9.122,1.521
Maritime,Golfe,Aflao Gakli,6.197,1.168
Centrale,Blitta,Agbandi,8.249,1.151
Kara,Doufelgou,Agbandi-Yaka,9.698,1.1
Maritime,Zio,Agbelouve,6.725,1.064
Maritime,Lacs,Agbodrafo,6.213,1.517
Maritime,Agoe-Nyive,Agoenyive,6.233,1.207
Plateaux,Kloto,Agome,6.936,0.613
Plateaux,Kloto,Agome-Tomegbe,6.943,0.546
Maritime,Bas-Mono,Agome Glozou/Agbetiko,6.501,1.688
Plateaux,Agou,Agotime Nord,6.708,0.687
Plateaux,Agou,Agou-Akplolo,6.919,0.793
Plateaux,Agou,Agou Agbetiko/Agou Dzidjole,6.926,0.734
Plateaux,Agou,Agou Atigbe,6.79,0.749
Plateaux,Agou,Agou Gadzepe,6.847,0.706
Plateaux,Agou,Agou Kebo,6.869,0.742
Plateaux,Agou,Agou Yiboe/Kati,6.907,0.878
Maritime,Lacs,Agouegan,6.274,1.72
Centrale,Tchaoudjo,Agoulou,9.192,1.365
Plateaux,Moyen-Mono,Ahassome,7.209,1.514
Maritime,Yoto,Ahepe,6.57,1.424
Plateaux,Danyi,Ahlon,7.279,0.664
Plateaux,Kpele,Akata,7.045,0.72
Maritime,Ave,Akepe,6.231,1.071
Maritime,Lacs,Aklakou,6.339,1.717
Maritime,Vo,Akoumape,6.434,1.437
Plateaux,Ogou,Akpare,7.453,1.347
Kara,Keran,Akponte,10.189,0.907
Kara,Assoli,Aledjo,9.28,1.166
Centrale,Tchaoudjo,Aleheride/Amaide,9.156,1.159
Centrale,Tchamba,Alibi,8.813,1.364
Kara,Doufelgou,Aloum,9.774,0.971
Plateaux,Amou,Amou-Oblo,7.361,0.865
Maritime,Yoto,Amoussime,6.638,1.51
Plateaux,Agou,Amoussou Kope,6.662,0.844
Maritime,Golfe,Amoutive,6.219,1.266
Maritime,Lacs,Aneho,6.238,1.607
Maritime,Lacs,Anfoin,6.34,1.611
Plateaux,Anie,Anie,7.78,1.153
Maritime,Vo,Anyron Kope,6.259,1.553
Centrale,Sotouboua,Aouda,8.862,0.858
Maritime,Ave,Assahoun/Ando Peme,6.499,0.851
Plateaux,Haho,Assrama,6.99,1.458
Kara,Keran,Atalote,9.948,0.887
Kara,Kozah,Atchangbade,9.474,1.109
Plateaux,Anie,Atchinedji,7.58,1.388
Centrale,Blitta,Atchintse,7.979,0.666
Plateaux,Haho,Atsave,6.874,1.312
Maritime,Bas-Mono,Attitogon,6.41,1.649
Plateaux,Amou,Avedje,7.422,1.13
Kara,Kozah,Awandjelo,9.475,1.192
Plateaux,Est-Mono,Badin,8.254,1.543
Maritime,Ave,Badja,6.376,1.018
Plateaux,Wawa,Badou,7.563,0.576
Kara,Assoli,Bafilo,9.367,1.261
Kara,Doufelgou,Baga,9.805,1.1
Kara,Bassar,Baghan,8.982,0.562
Centrale,Tchamba,Bago,8.439,1.353
Savanes,Tandjoare,Bagou,10.673,0.035
Maritime,Golfe,Baguida,6.183,1.337
Centrale,Tchamba,Balanka,8.862,1.6
Kara,Bassar,Bangeli,9.408,0.636
Kara,Dankpen,Bapure,9.523,0.586
Savanes,Oti,Barkoissi,10.584,0.33
Kara,Bassar,Bassar,9.211,0.858
Savanes,Cinkasse,Biankouri,11.025,0.053
Savanes,Tone,Bidjenga,10.7,0.304
Kara,Bassar,Bitchabe,9.306,0.592
Centrale,Blitta,Blitta-Gare,8.33,0.979
Centrale,Blitta,Blitta Village,8.327,1.029
Savanes,Cinkasse,Boade,11.108,-0.056
Centrale,Sotouboua,Bodjonde,8.443,1.033
Savanes,Tandjoare,Bogou,10.65,0.15
Kara,Kozah,Bohou,9.596,1.165
Maritime,Zio,Bolou Kpeta,6.446,1.13
Savanes,Tandjoare,Bombouaka,10.718,0.223
Savanes,Kpendjal,Borgou,10.763,0.622
Kara,Binah,Boufale,9.855,1.323
Kara,Assoli,Boulade,9.401,1.219
Savanes,Tandjoare,Boulogou,10.643,0.274
Centrale,Plaine du Mo,Boulohou,8.685,0.662
Savanes,Cinkasse,Cinkasse,11.083,0.04
Maritime,Vo,Dagbati,6.488,1.505
Kara,Assoli,Dako/Daoude,9.356,1.051
Maritime,Zio,Dalave,6.342,1.274
Plateaux,Haho,Dalia,6.817,1.182
Plateaux,Danyi,Danyi-Kakpa,7.163,0.645
Plateaux,Danyi,Danyi Kpeto-Evita,7.262,0.743
Savanes,Tone,Dapaong,10.88,0.197
Plateaux,Ogou,Datcha,7.407,1.186
Maritime,Zio,Davie,6.356,1.165
Kara,Doufelgou,Defale,9.886,1.079
Centrale,Blitta,Diguengue,8.064,0.64
Centrale,Blitta,Dikpeleou,8.183,0.614
Kara,Bassar,Dimori,9.171,0.573
Maritime,Zio,Djagble,6.239,1.288
Kara,Kozah,Djamde,9.491,1.032
Centrale,Plaine du Mo,Djarkpanga,8.779,0.522
Plateaux,Haho,Djemegni,7.031,1.316
Plateaux,Akebou,Djon,7.739,0.805
Centrale,Blitta,Doufouli,8.305,0.908
Savanes,Tandjoare,Doukpergou,10.636,0.06
Plateaux,Wawa,Doume,7.556,0.777
Maritime,Ave,Dzolo,6.381,0.906
Maritime,Vo,Dzrekpo,6.44,1.569
Plateaux,Amou,Ekpegnon,7.307,0.979
Plateaux,Est-Mono,Elavagnon,7.951,1.343
Plateaux,Danyi,Elavagnon/Atigba,7.27,0.699
Maritime,Yoto,Esse Godjin,6.714,1.545
Plateaux,Amou,Evou,7.524,1.023
Savanes,Oti,Fare,10.174,0.384
Centrale,Sotouboua,Fazao,8.749,0.789
Plateaux,Agou,Gadja,6.803,0.848
Savanes,Oti,Galangashie,10.486,0.34
Maritime,Zio,Game,6.748,1.165
Plateaux,Amou,Game,7.771,1.068
Maritime,Lacs,Ganave/Fiata,6.326,1.638
Savanes,Oti-Sud,Gando,10.296,0.784
Maritime,Zio,Gape-Centre,6.602,1.073
Maritime,Zio,Gape Kpodji,6.709,0.945
Plateaux,Est-Mono,Gbadjahe,7.853,1.348
Plateaux,Kpele,Gbaladze,7.212,0.762
Plateaux,Kloto,Gbalave,6.868,0.596
Maritime,Zio,Gbatope,6.487,1.284
Plateaux,Akebou,Gbende,7.762,0.68
Maritime,Zio,Gblainvie,6.497,1.112
Maritime,Yoto,Gboto,6.717,1.483
Plateaux,Ogou,Glei,7.281,1.244
Maritime,Lacs,Glidji,6.271,1.606
Plateaux,Anie,Glitto,7.602,1.563
Plateaux,Ogou,Gnagna,7.504,1.16
Savanes,Cinkasse,Gnoaga,11.112,-0.097
Plateaux,Wawa,Gobe/Eketo/Gbadi N'Kugna,7.455,0.755
Centrale,Tchamba,Goubi,8.63,1.503
Savanes,Cinkasse,Gouloungoussi,11.117,-0.12
Savanes,Tandjoare,Goundoga,10.715,0.17
Plateaux,Kpele,Govie,7.155,0.744
Kara,Dankpen,Guerin-Kouka,9.729,0.568
Maritime,Vo,Hahotoe,6.396,1.39
Plateaux,Kloto,Hanyigba,6.899,0.601
Kara,Keran,Helota,9.914,0.745
Plateaux,Amou,Hiheatro,7.581,1.048
Maritime,Bas-Mono,Hompou,6.419,1.717
Plateaux,Ogou,Houdou,7.604,1.177
Plateaux,Amou,Imle,7.462,0.993
Centrale,Tchamba,Kaboli,8.599,1.359
Kara,Bassar,Kabou,9.508,0.785
Centrale,Tchaoudjo,Kadambara,8.819,1.245
Kara,Doufelgou,Kadjalla,9.803,0.939
Centrale,Plaine du Mo,Kagnigbara,8.902,0.647
Kara,Bassar,Kalanga,9.273,0.673
Plateaux,Kpele,Kame,7.23,0.853
Plateaux,Est-Mono,Kamina,8.101,1.568
Plateaux,Akebou,Kamina,7.936,0.915
Kara,Keran,Kande,9.977,1.079
Centrale,Sotouboua,Kaniamboua,8.604,1.003
Savanes,Tone,Kantindi,10.918,0.269
Kara,Dankpen,Katchamba,9.874,0.515
Centrale,Blitta,Katchenke,8.253,0.696
Plateaux,Moyen-Mono,Katome,7.373,1.615
Plateaux,Ogou,Katore,7.384,1.316
Centrale,Sotouboua,Kazaboua,8.421,1.143
Centrale,Tchaoudjo,Kemeni,9.196,1.278
Kara,Binah,Kemerida,9.617,1.349
Plateaux,Wawa,Kessibo,7.64,0.615
Kara,Binah,Ketao,9.673,1.321
Maritime,Ave,Keve,6.478,1.02
Kara,Dankpen,Kidjaboun,9.771,0.442
Maritime,Yoto,Kini-Kondji,6.585,1.548
Plateaux,Wawa,Klabe Efoukpa,7.602,0.737
Centrale,Blitta,Koffiti,8.021,1.141
Kara,Doufelgou,Koka,9.79,1.146
Centrale,Tchaoudjo,Kolina,9.083,1.179
Plateaux,Anie,Kolokope,7.765,1.294
Centrale,Tchaoudjo,Komah,8.996,1.163
Savanes,Tone,Korbongou,10.945,0.321
Plateaux,Akebou,Kougnohou,7.691,0.811
Kara,Dankpen,Koulfiekou,9.935,0.411
Plateaux,Kloto,Kouma,6.985,0.58
Kara,Kozah,Koumea,9.714,1.204
Kara,Assoli,Koumonde,9.28,1.28
Savanes,Oti-Sud,Koumongou,10.159,0.5
Savanes,Kpendjal,Koundjoare,10.928,0.641
Savanes,Oti-Sud,Kountoire,10.09,0.628
Savanes,Tone,Kourientre,11.007,0.234
Centrale,Tchamba,Koussountou,8.847,1.492
Kara,Dankpen,Koutchitcheou,9.627,0.767
Kara,Keran,Koutougou,10.06,1.215
Maritime,Yoto,Kouve,6.725,1.402
Maritime,Zio,Kovie,6.333,1.089
Plateaux,Kloto,Kpadape,6.801,0.6
Kara,Doufelgou,Kpaha,9.918,1.141
Plateaux,Akebou,Kpalave,7.832,0.839
Centrale,Tchaoudjo,Kpangalam,9.096,1.039
Centrale,Tchaoudjo,Kparatao,8.949,1.243
Centrale,Tchaoudjo,Kpassouade,9.039,1.314
Plateaux,Amou,Kpategan,7.36,1.047
Plateaux,Haho,Kpedome,7.072,1.113
Plateaux,Haho,Kpegnon/Haito,7.187,0.994
Plateaux,Moyen-Mono,Kpekpleme,7.301,1.587
Plateaux,Kpele,Kpele-Centre,7.18,0.849
Plateaux,Kpele,Kpele-Dawlotou,7.014,0.84
Plateaux,Kpele,Kpele-Dutoe,7.262,0.897
Plateaux,Kpele,Kpele-Nord,7.29,0.869
Savanes,Naki-Ouest,Kpendjaga / Papri,10.994,0.424
Plateaux,Est-Mono,Kpessi,8.117,1.303
Plateaux,Wawa,Kpete Bena,7.439,0.579
Maritime,Bas-Mono,Kpetsou,6.54,1.586
Plateaux,Kloto,Kpime,7.008,0.633
Maritime,Zio,Kpome,6.339,1.342
Centrale,Tchamba,Kri-Kri,9.206,1.457
Kara,Kozah,Lama,9.591,1.195
Kara,Binah,Lama-Dessi,9.73,1.262
Centrale,Tchaoudjo,Lama-Tessi,8.871,1.08
Kara,Kozah,Landa,9.668,1.272
Kara,Kozah,Landa-Pozenda/Kpinzinde,9.494,1.286
Centrale,Blitta,Langabou,8.139,1.165
Centrale,Tchamba,Larni,9.086,1.422
Kara,Kozah,Lassa,9.608,1.234
Plateaux,Kloto,Lavie/ Apedome,7.032,0.651
Maritime,Agoe-Nyive,Legbassito,6.267,1.148
Kara,Doufelgou,Leon,9.686,0.93
Savanes,Oti,Loko,10.511,0.229
Savanes,Tandjoare,Loko,10.595,0.252
Savanes,Tandjoare,Lokpano,10.595,0.119
Maritime,Lome Commune,Lome Commune,6.157,1.246
Savanes,Tone,Lotogou/Warkambou,10.83,-0.008
Savanes,Tone,Louanga,10.89,0.332
Centrale,Blitta,M'Poti,8.305,0.802
Savanes,Tandjoare,Mamproug,10.669,-0.032
Savanes,Kpendjal,Mandouri,10.886,0.803
Kara,Bassar,Manga,9.566,0.705
Savanes,Oti,Mango,10.36,0.436
Kara,Doufelgou,Massedena,9.971,1.255
Maritime,Zio,Mission-Tove,6.301,1.126
Savanes,Oti-Sud,Mogou,10.452,0.655
Maritime,Vo,Mome-Hounkpati,6.503,1.555
Plateaux,Est-Mono,Moretan,8.199,1.406
Savanes,Cinkasse,Nadjoundi,10.999,0.194
Kara,Keran,Nadoba,10.141,1.056
Savanes,Oti,Nagbeni,10.624,0.445
Savanes,Naki-Ouest,Naki-Est,10.728,0.367
Savanes,Tone,Naki-Ouest,10.918,0.062
Savanes,Oti-Sud,Nali,10.053,0.49
Savanes,Tone,Namare,10.971,0.072
Kara,Dankpen,Namon,9.696,0.808
Savanes,Naki-Ouest,Namoundjoga,10.898,0.446
Kara,Dankpen,Nampoch,9.818,0.663
Savanes,Tandjoare,Nandoga,10.634,0.229
Kara,Dankpen,Nandouta,9.518,0.392
Savanes,Tone,Nanergou,10.927,0.144
Savanes,Tandjoare,Nano,10.697,0.096
Kara,Dankpen,Natchibore,9.817,0.782
Kara,Dankpen,Natchitikpi,9.724,0.713
Savanes,Tone,Natigou,10.987,0.264
Kara,Dankpen,Naware,9.61,0.472
Savanes,Naki-Ouest,Nayega,10.743,0.416
Kara,Doufelgou,Niamtougou,9.709,1.026
Savanes,Tone,Nioukpourma,10.838,0.137
Maritime,Ave,Noepe,6.278,1.039
Plateaux,Haho,Notse,6.927,1.054
Plateaux,Est-Mono,Nyamassila,7.965,1.201
Savanes,Naki-Ouest,Ogaro,10.774,0.478
Plateaux,Ogou,Ogou,7.627,1.261
Plateaux,Wawa,Okou,7.568,0.841
Plateaux,Amou,Okpahoe,7.62,1.01
Kara,Keran,Ossacre,10.069,0.743
Plateaux,Amou,Otadi,7.72,0.939
Plateaux,Amou,Ouma-Amlame,7.461,0.92
Plateaux,Wawa,Ounabe,7.559,0.946
Plateaux,Ogou,Ountivou,7.418,1.555
Centrale,Blitta,Pagala Gare,8.178,0.994
Centrale,Blitta,Pagala Village,8.186,0.888
Kara,Binah,Pagouda,9.759,1.334
Plateaux,Anie,Pallakoko,7.874,1.116
Savanes,Tone,Pana,10.766,0.275
Kara,Binah,Pessare,9.807,1.231
Kara,Keran,Pesside,10.075,0.855
Kara,Binah,Pitikita,9.766,1.269
Savanes,Tandjoare,Pligou,10.682,0.266
Savanes,Naki-Ouest,Pogno,10.962,0.566
Savanes,Tone,Poissongui,11.042,0.209
Kara,Doufelgou,Pouda,9.905,1.26
Kara,Kozah,Pya,9.65,1.119
Savanes,Oti,Sadori,10.248,0.437
Maritime,Golfe,Sagbado,6.19,1.126
Savanes,Oti-Sud,Sagbiebou,10.245,0.642
Centrale,Plaine du Mo,Saiboude,8.568,0.568
Plateaux,Moyen-Mono,Saligbe,7.242,1.582
Savanes,Cinkasse,Sam-Naba,11.055,0.143
Kara,Bassar,Sanda-Afohou,9.477,0.945
Kara,Bassar,Sanda-Kagbanda,9.491,0.893
Savanes,Tone,Sanfatoute,11.015,0.312
Savanes,Tandjoare,Sangou,10.591,0.062
Kara,Kozah,Sarakawa,9.616,1.011
Maritime,Yoto,Sedome,6.776,1.584
Plateaux,Akebou,Seregbene,7.871,0.714
Centrale,Sotouboua,Sessaro,8.597,1.201
Maritime,Vo,Sevagan,6.318,1.422
Kara,Doufelgou,Siou,9.851,1.2
Kara,Binah,Sirka,9.542,1.308
Savanes,Tandjoare,Sissiak,10.746,0.109
Plateaux,Amou,Sodo,7.328,0.826
Kara,Binah,Sola,9.935,1.329
Kara,Kozah,Somdina,9.64,1.271
Centrale,Sotouboua,Sotouboua,8.558,0.874
Kara,Assoli,Soudou,9.357,1.347
Centrale,Sotouboua,Tabinde,8.519,1.131
Maritime,Yoto,Tabligbo,6.575,1.484
Plateaux,Moyen-Mono,Tado,7.141,1.569
Savanes,Oti-Sud,Takpamba,9.959,0.589
Savanes,Kpendjal,Tambigou,10.745,0.776
Savanes,Naki-Ouest,Tambonga,10.939,0.453
Savanes,Tone,Tami,10.869,0.042
Savanes,Tandjoare,Tamongue,10.51,0.172
Savanes,Tandjoare,Tampialime,10.752,0.067
Centrale,Tchaoudjo,Tchalo,8.968,0.995
Centrale,Blitta,Tchaloude,8.316,1.151
Centrale,Tchamba,Tchamba,8.992,1.455
Savanes,Oti-Sud,Tchamonga,10.578,0.742
Savanes,Oti,Tchanaga,10.533,0.506
Kara,Kozah,Tchare,9.66,1.179
Centrale,Blitta,Tchare-Baou,8.048,1.044
Centrale,Sotouboua,Tchebebe,8.431,0.835
Maritime,Yoto,Tchekpo,6.523,1.378
Centrale,Blitta,Tchifama,8.177,0.816
Kara,Kozah,Tchitchao,9.598,1.093
Kara,Doufelgou,Tchore,9.844,0.942
Plateaux,Amou,Temedja,7.463,1.068
Kara,Doufelgou,Tenega,9.834,1.143
Savanes,Cinkasse,Timbou,11.035,0.112
Centrale,Plaine du Mo,Tindjassi,8.658,0.514
Centrale,Blitta,Tintchro,8.045,0.771
Centrale,Sotouboua,Titigbe,8.597,1.094
Savanes,Tone,Toaga,10.89,0.247
Maritime,Agoe-Nyive,Togblekope,6.263,1.218
Maritime,Vo,Togoville,6.256,1.47
Plateaux,Moyen-Mono,Tohoun,7.053,1.6
Maritime,Yoto,Tokpli,6.628,1.573
Plateaux,Kloto,Tome,6.818,0.654
Plateaux,Wawa,Tomegbe,7.52,0.598
Maritime,Yoto,Tomety-Kondji,6.825,1.543
Plateaux,Kloto,Tove,6.871,0.655
Maritime,Ave,Tovegan,6.616,0.916
Maritime,Zio,Tsevie,6.494,1.199
Maritime,Agoe-Nyive,Vakpossito,6.215,1.163
Plateaux,Akebou,Veh,7.674,0.709
Maritime,Vo,Vo-Koutime,6.399,1.537
Maritime,Vo,Vogan,6.36,1.502
Plateaux,Haho,Wahala,7.208,1.29
Centrale,Blitta,Waragni,8.252,1.009
Kara,Keran,Warengo,10.082,1.111
Centrale,Tchaoudjo,Wassarabo,9.004,1.261
Centrale,Blitta,Welly,8.054,0.916
Maritime,Zio,Wli,6.397,1.123
Plateaux,Kloto,Wome,6.848,0.558
Kara,Kozah,Yade,9.595,1.145
Plateaux,Akebou,Yalla,7.828,0.663
Centrale,Blitta,Yaloumbe,8.333,1.094
Centrale,Blitta,Yegue,8.162,0.707
Plateaux,Danyi,Yikpa,7.129,0.617
Plateaux,Kloto,Yokele,6.938,0.68
Maritime,Yoto,Zafi,6.71,1.292
Maritime,Agoe-Nyive,Zanguera,6.236,1.126